handle,name,status,brand,category,categories,collections,tags,short_description,description,featured,specifications,care,shipping_note,seo_title,seo_description,images,attributes,variant_id,variant_options,sku,barcode,price,sale_price,cost,stock,low_stock_threshold,track_inventory,allow_backorder,weight_grams,length_mm,width_mm,height_mm,variant_image,variant_active
marlow-top-handle-bag,Marlow Top-Handle Bag,ACTIVE,Fieldhouse Leather,handbags,handbags | bags-accessories,,leather | occasion,"A structured top-handle bag in full-grain leather, with a detachable strap for day-to-night ease.","The Marlow holds its shape thanks to a reinforced full-grain body and a flat base that stands on its own. Carry it by the rolled top handles or clip on the adjustable strap for hands-free days.

- Full-grain vegetable-tanned leather
- Detachable, adjustable shoulder strap
- Lined interior with zip and slip pockets",true,"Material: Full-grain vegetable-tanned leather | Hardware: Solid brass, light gold tone | Dimensions: 28 × 20 × 12 cm | Made in: Italy",Wipe with a soft dry cloth. Treat with a neutral leather conditioner twice a year. Keep away from prolonged damp.,,,"A structured top-handle bag in full-grain leather, with a detachable strap for day-to-night ease.",https://images.unsplash.com/photo-1584917865442-de89df76afd3?q=85&fm=jpg&w=1800&fit=max | https://images.unsplash.com/photo-1584917865442-de89df76afd3?q=85&fm=jpg&w=1400&h=1750&fit=crop&crop=focalpoint&fp-x=0.5&fp-y=0.5&fp-z=1.7,Colour: Tan | Material: Leather,,,VY-FL-G01,,240.00,,132.00,10,,true,,800,,,,,true
esme-quilted-shoulder-bag,Esme Quilted Shoulder Bag,ACTIVE,Fieldhouse Leather,handbags,handbags | bags-accessories,,leather | evening,"A softly quilted shoulder bag on a slimline chain, sized for evenings and essentials.","Diamond-quilted lambskin over a compact frame, finished with a gold chain that tucks inside to convert to a clutch. A magnetic flap keeps everything secure.

- Diamond-quilted lambskin
- Chain-and-leather shoulder strap, tuckable
- Magnetic flap with interior card slots",false,Material: Quilted lambskin | Hardware: Light gold tone | Dimensions: 22 × 14 × 7 cm | Strap drop: 55 cm,Spot clean with a soft cloth. Store in the dust bag away from direct light.,,,"A softly quilted shoulder bag on a slimline chain, sized for evenings and essentials.",https://images.unsplash.com/photo-1591561954557-26941169b49e?q=85&fm=jpg&w=1800&fit=max | https://images.unsplash.com/photo-1591561954557-26941169b49e?q=85&fm=jpg&w=1400&h=1750&fit=crop&crop=focalpoint&fp-x=0.5&fp-y=0.5&fp-z=1.7,Colour: Black | Material: Leather,,,VY-FL-G02,,198.00,,108.90,10,,true,,600,,,,,true
dune-leather-bucket-bag,Dune Leather Bucket Bag,ACTIVE,Fieldhouse Leather,handbags,handbags | bags-accessories,,leather | everyday,A relaxed bucket bag in soft tan leather with a drawstring top and roomy unlined body.,"An everyday carryall that softens with use. The Dune cinches shut with a leather drawstring and carries on the shoulder or across the body on its adjustable strap.

- Soft milled leather, unlined for lightness
- Drawstring closure with inner zip pouch
- Adjustable, detachable crossbody strap",false,Material: Milled cowhide leather | Dimensions: 24 × 26 × 16 cm | Strap: Adjustable 60–120 cm | Made in: Portugal,Wipe clean with a dry cloth. A light leather cream restores the surface.,,,A relaxed bucket bag in soft tan leather with a drawstring top and roomy unlined body.,https://images.unsplash.com/photo-1598532163257-ae3c6b2524b6?q=85&fm=jpg&w=1800&fit=max | https://images.unsplash.com/photo-1598532163257-ae3c6b2524b6?q=85&fm=jpg&w=1400&h=1750&fit=crop&crop=focalpoint&fp-x=0.5&fp-y=0.5&fp-z=1.7,Colour: Tan | Material: Leather,,,VY-FL-G03,,175.00,139.00,76.45,10,,true,,650,,,,,true
juno-croc-effect-clutch,Juno Croc-Effect Clutch,ACTIVE,Fieldhouse Leather,handbags,handbags | bags-accessories,,leather | evening,A sleek evening clutch in deep red croc-effect leather with a concealed wrist strap.,"A clean rectangular clutch pressed with a fine croc texture. The frame opens wide for phone, cards and a lipstick, and a slim leather loop tucks away when you want a clutch rather than a wristlet.

- Croc-embossed leather
- Tuck-away wrist strap
- Suede-feel lining with a card slot",false,Material: Croc-embossed leather | Dimensions: 26 × 14 × 4 cm | Closure: Concealed magnetic frame,Wipe with a soft dry cloth. Avoid moisture and heat.,,,A sleek evening clutch in deep red croc-effect leather with a concealed wrist strap.,https://images.unsplash.com/photo-1590874103328-eac38a683ce7?q=85&fm=jpg&w=1800&fit=max | https://images.unsplash.com/photo-1590874103328-eac38a683ce7?q=85&fm=jpg&w=1400&h=1750&fit=crop&crop=focalpoint&fp-x=0.5&fp-y=0.5&fp-z=1.7,Colour: Red | Material: Leather,,,VY-FL-G04,,145.00,,79.75,10,,true,,400,,,,,true
harlow-leather-hobo-bag,Harlow Leather Hobo Bag,ACTIVE,Fieldhouse Leather,handbags,handbags | bags-accessories,,leather | everyday,"A slouchy hobo in supple brown leather, roomy enough for everything a day needs.","The Harlow drapes into an easy crescent on the shoulder. A single top zip keeps the generous interior secure, with organiser pockets inside for keys, cards and a tablet.

- Supple full-grain leather
- Top-zip closure
- Interior zip pocket and two slip pockets",false,Material: Full-grain leather | Dimensions: 38 × 28 × 12 cm | Strap drop: 24 cm | Made in: Italy,Condition twice a year with neutral leather cream. Keep dry.,,,"A slouchy hobo in supple brown leather, roomy enough for everything a day needs.",https://images.unsplash.com/photo-1605733513597-a8f8341084e6?q=85&fm=jpg&w=1800&fit=max | https://images.unsplash.com/photo-1605733513597-a8f8341084e6?q=85&fm=jpg&w=1400&h=1750&fit=crop&crop=focalpoint&fp-x=0.5&fp-y=0.5&fp-z=1.7,Colour: Brown | Material: Leather,,,VY-FL-G05,,210.00,,115.50,10,,true,,780,,,,,true
ridge-full-grain-backpack,Ridge Full-Grain Backpack,ACTIVE,Fieldhouse Leather,backpacks,backpacks | bags-accessories,,leather | commute,A full-grain leather backpack with a padded laptop sleeve and solid brass buckles.,"Built for commutes and weekends alike. The Ridge carries a 15-inch laptop in a padded back sleeve, with a buckle-over flap and a top-zip main compartment for quick access.

- Full-grain leather, brass hardware
- Padded 15"" laptop sleeve
- Flap pocket plus internal organiser",true,Material: Full-grain vegetable-tanned leather | Fits: Up to 15-inch laptop | Dimensions: 30 × 42 × 14 cm | Made in: India (LWG-certified tannery),Wipe clean and condition periodically. Dry naturally away from heat.,,,A full-grain leather backpack with a padded laptop sleeve and solid brass buckles.,https://images.unsplash.com/photo-1680039211156-66c721b87625?q=85&fm=jpg&w=1800&fit=max | https://images.unsplash.com/photo-1680039211156-66c721b87625?q=85&fm=jpg&w=1400&h=1750&fit=crop&crop=focalpoint&fp-x=0.5&fp-y=0.5&fp-z=1.7,Colour: Brown | Material: Leather,,,VY-FL-G06,,260.00,,143.00,10,,true,,1200,,,,,true
metro-flap-leather-backpack,Metro Flap Leather Backpack,ACTIVE,Fieldhouse Leather,backpacks,backpacks | bags-accessories,,leather | commute,A streamlined black backpack with a minimal flap and a magnetic clasp.,"A city backpack stripped back to clean lines. The flap closes with a hidden magnetic clasp over a drawcord, and the whole bag wipes clean in seconds.

- Smooth corrected-grain leather
- Magnetic flap over a drawcord top
- Padded tablet pocket",false,Material: Corrected-grain leather | Fits: Up to 13-inch laptop or tablet | Dimensions: 28 × 40 × 12 cm,Wipe with a damp cloth and dry immediately.,,,A streamlined black backpack with a minimal flap and a magnetic clasp.,https://images.unsplash.com/photo-1577733975197-3b950ca5cabe?q=85&fm=jpg&w=1800&fit=max | https://images.unsplash.com/photo-1577733975197-3b950ca5cabe?q=85&fm=jpg&w=1400&h=1750&fit=crop&crop=focalpoint&fp-x=0.5&fp-y=0.5&fp-z=1.7,Colour: Black | Material: Leather,,,VY-FL-G07,,225.00,,123.75,10,,true,,1000,,,,,true
carter-zip-cardholder,Carter Zip Cardholder,ACTIVE,Fieldhouse Leather,small-leather-goods,small-leather-goods | bags-accessories,the-gift-edit,leather | gift,A slim zip-around cardholder that keeps cards and a few notes in one tidy place.,"Small enough for a pocket, organised enough to replace a wallet. Four card slots and a central zip pouch for coins or a folded note.

- Full-grain leather, edge-painted by hand
- Four card slots and a zip coin pouch
- RFID-shielding lining",false,Material: Full-grain leather | Capacity: 4 cards plus notes/coins | Dimensions: 11 × 8 × 2 cm,,,,A slim zip-around cardholder that keeps cards and a few notes in one tidy place.,https://images.unsplash.com/photo-1628483211662-9bcc692c46dc?q=85&fm=jpg&w=1800&fit=max | https://images.unsplash.com/photo-1628483211662-9bcc692c46dc?q=85&fm=jpg&w=1400&h=1750&fit=crop&crop=focalpoint&fp-x=0.5&fp-y=0.5&fp-z=1.7,Colour: Black | Material: Leather,,,VY-FL-G08,,65.00,49.00,26.95,10,,true,,120,,,,,true
ledger-travel-wallet,Ledger Travel Wallet,ACTIVE,Fieldhouse Leather,small-leather-goods,small-leather-goods | bags-accessories,,leather | travel | gift,"A travel wallet that holds a passport, boarding passes, cards and currency together.","Everything for the airport in one hand. The Ledger fits a passport, multiple cards, a pen and folded documents, and closes with a wrap-around leather tie.

- Full-grain leather with a wrap tie
- Passport pocket, 6 card slots, pen loop
- Full-length note and ticket sleeve",false,"Material: Full-grain leather | Capacity: Passport, 6 cards, documents | Dimensions: 20 × 11 × 2 cm | Made in: India (LWG-certified tannery)",Wipe with a dry cloth; condition occasionally.,,,"A travel wallet that holds a passport, boarding passes, cards and currency together.",https://images.unsplash.com/photo-1614260938313-a7fc1a7ad0d2?q=85&fm=jpg&w=1800&fit=max | https://images.unsplash.com/photo-1614260938313-a7fc1a7ad0d2?q=85&fm=jpg&w=1400&h=1750&fit=crop&crop=focalpoint&fp-x=0.5&fp-y=0.5&fp-z=1.7,Colour: Brown | Material: Leather,,,VY-FL-G09,,95.00,,52.25,10,,true,,200,,,,,true
astor-leather-travel-pouch,Astor Leather Travel Pouch,ACTIVE,Fieldhouse Leather,small-leather-goods,small-leather-goods | bags-accessories,,leather | travel,"A zip pouch in smooth black leather for cables, chargers and everyday carry.","A soft-structured pouch that tidies the odds and ends — cables, a charger, pens or cosmetics. The wide zip opens flat so you can see everything at once.

- Smooth leather with a canvas lining
- Wide U-shaped zip
- Flat base",false,"Material: Smooth leather, cotton-canvas lining | Dimensions: 22 × 13 × 6 cm | Closure: Two-way zip",,,,"A zip pouch in smooth black leather for cables, chargers and everyday carry.",https://images.unsplash.com/photo-1620109176813-e91290f6c795?q=85&fm=jpg&w=1800&fit=max | https://images.unsplash.com/photo-1620109176813-e91290f6c795?q=85&fm=jpg&w=1400&h=1750&fit=crop&crop=focalpoint&fp-x=0.5&fp-y=0.5&fp-z=1.7,Colour: Black | Material: Leather,,,VY-FL-G10,,80.00,,44.00,10,,true,,220,,,,,true
dakota-aviator-sunglasses,Dakota Aviator Sunglasses,ACTIVE,Solis Eyewear,sunglasses,sunglasses | bags-accessories,,summer,A lightweight titanium aviator with polarised green lenses and full UV400 protection.,"A classic teardrop aviator in feather-light titanium, with polarised lenses that cut glare on the road and water. Adjustable nose pads keep the fit steady.

- Lightweight titanium frame
- Polarised, scratch-resistant lenses
- 100% UVA/UVB (UV400) protection",false,"Frame: Titanium | Lens: Polarised, UV400, green tint | Lens width: 58 mm | Includes: Hard case and cloth",,,,A lightweight titanium aviator with polarised green lenses and full UV400 protection.,https://images.unsplash.com/photo-1572635196237-14b3f281503f?q=85&fm=jpg&w=1800&fit=max | https://images.unsplash.com/photo-1572635196237-14b3f281503f?q=85&fm=jpg&w=1400&h=1750&fit=crop&crop=focalpoint&fp-x=0.5&fp-y=0.5&fp-z=1.7,Colour: Gold | Material: Titanium,,,VY-SE-G11,,150.00,,82.50,10,,true,,180,,,,,true
rivera-flat-top-sunglasses,Rivera Flat-Top Sunglasses,ACTIVE,Solis Eyewear,sunglasses,sunglasses | bags-accessories,,summer,A bold flat-top frame in hand-polished black acetate with smoke lenses.,"A statement flat-top cut from bio-based acetate and polished by hand to a deep shine. Smoke-grey lenses suit bright days and strong light.

- Bio-based acetate frame
- Smoke-grey UV400 lenses
- Hand-polished finish",false,"Frame: Bio-based acetate | Lens: UV400, smoke grey | Lens width: 55 mm | Includes: Hard case and cloth",,,,A bold flat-top frame in hand-polished black acetate with smoke lenses.,https://images.unsplash.com/photo-1584036553516-bf83210aa16c?q=85&fm=jpg&w=1800&fit=max | https://images.unsplash.com/photo-1584036553516-bf83210aa16c?q=85&fm=jpg&w=1400&h=1750&fit=crop&crop=focalpoint&fp-x=0.5&fp-y=0.5&fp-z=1.7,Colour: Black | Material: Acetate,,,VY-SE-G12,,165.00,,90.75,10,,true,,170,,,,,true
nord-classic-day-date,Nord Classic Day-Date,ACTIVE,Tempo Nord,analog-watches,analog-watches | watches,,everyday,"A clean day-date dress watch on a stainless steel bracelet, in two case sizes.","Copenhagen-designed simplicity: a sunburst dial, applied indices and a day-date window at three o'clock, driven by a reliable Japanese quartz movement. Water resistant to 50 m.

- Japanese quartz movement
- Day-date complication
- Sapphire-coated mineral crystal",true,Movement: Japanese quartz | Case: Stainless steel | Water resistance: 5 ATM (50 m) | Warranty: 2 years,,,,"A clean day-date dress watch on a stainless steel bracelet, in two case sizes.",https://images.unsplash.com/photo-1523170335258-f5ed11844a49?q=85&fm=jpg&w=1800&fit=max | https://images.unsplash.com/photo-1523170335258-f5ed11844a49?q=85&fm=jpg&w=1400&h=1750&fit=crop&crop=focalpoint&fp-x=0.5&fp-y=0.5&fp-z=1.7,Colour: Silver | Material: Stainless steel,,Case size: 38 mm,VY-TN-G13-38-MM,,320.00,,176.00,12,,true,,150,,,,,true
nord-classic-day-date,,,,,,,,,,,,,,,,,,,Case size: 41 mm,VY-TN-G13-41-MM,,320.00,,176.00,10,,true,,150,,,,,true
copenhagen-moonphase,Copenhagen Moonphase,ACTIVE,Tempo Nord,analog-watches,analog-watches | watches,,occasion,"A refined moonphase watch on a navy leather strap, with a guilloché dial.","A dress piece with a quiet sense of occasion. A textured guilloché dial carries a moonphase subdial, paired with a padded navy leather strap and a 40 mm steel case.

- Quartz movement with moonphase
- Guilloché dial, applied indices
- Padded Italian leather strap",false,Movement: Quartz with moonphase | Case: 40 mm stainless steel | Strap: Navy Italian leather | Water resistance: 3 ATM (30 m),,,,"A refined moonphase watch on a navy leather strap, with a guilloché dial.",https://images.unsplash.com/photo-1620625515032-6ed0c1790c75?q=85&fm=jpg&w=1800&fit=max | https://images.unsplash.com/photo-1620625515032-6ed0c1790c75?q=85&fm=jpg&w=1400&h=1750&fit=crop&crop=focalpoint&fp-x=0.5&fp-y=0.5&fp-z=1.7,Colour: Navy | Material: Stainless steel,,,VY-TN-G14,,420.00,,231.00,10,,true,,95,,,,,true
harbor-chronograph,Harbor Chronograph,ACTIVE,Tempo Nord,analog-watches,analog-watches | watches,,everyday,"A sporty three-register chronograph on a brushed steel bracelet, in two sizes.","Built for timing and daily wear. Three sub-dials track elapsed minutes and seconds, a tachymeter rings the bezel, and the screw-down crown takes it to 100 m.

- Chronograph quartz movement
- Tachymeter bezel, luminous hands
- Screw-down crown",false,Movement: Chronograph quartz | Case: Stainless steel | Water resistance: 10 ATM (100 m) | Warranty: 2 years,,,,"A sporty three-register chronograph on a brushed steel bracelet, in two sizes.",https://images.unsplash.com/photo-1587925358603-c2eea5305bbc?q=85&fm=jpg&w=1800&fit=max | https://images.unsplash.com/photo-1587925358603-c2eea5305bbc?q=85&fm=jpg&w=1400&h=1750&fit=crop&crop=focalpoint&fp-x=0.5&fp-y=0.5&fp-z=1.7,Colour: Silver | Material: Stainless steel,,Case size: 41 mm,VY-TN-G15-41-MM,,385.00,325.00,178.75,9,,true,,165,,,,,true
harbor-chronograph,,,,,,,,,,,,,,,,,,,Case size: 45 mm,VY-TN-G15-45-MM,,385.00,325.00,178.75,7,,true,,165,,,,,true
aurora-dress-watch,Aurora Dress Watch,ACTIVE,Tempo Nord,analog-watches,analog-watches | watches,the-gift-edit,occasion | gift,A slim 34 mm dress watch in rose gold tone with a mother-of-pearl dial.,"An elegant everyday watch with a mother-of-pearl dial and a slim rose-gold-tone case on a matching mesh bracelet that adjusts without tools.

- Japanese quartz movement
- Mother-of-pearl dial
- Adjustable mesh bracelet",false,"Movement: Japanese quartz | Case: 34 mm, rose gold tone | Dial: Mother-of-pearl | Water resistance: 3 ATM (30 m)",,,,A slim 34 mm dress watch in rose gold tone with a mother-of-pearl dial.,https://images.unsplash.com/photo-1542496658-e33a6d0d50f6?q=85&fm=jpg&w=1800&fit=max | https://images.unsplash.com/photo-1542496658-e33a6d0d50f6?q=85&fm=jpg&w=1400&h=1750&fit=crop&crop=focalpoint&fp-x=0.5&fp-y=0.5&fp-z=1.7,Colour: Rose gold | Material: Stainless steel,,,VY-TN-G16,,275.00,,151.25,10,,true,,110,,,,,true
pulse-active-gps,Pulse Active GPS,ACTIVE,Tempo Nord,smartwatches,smartwatches | watches,,fitness,"A GPS smartwatch with multi-day battery, health tracking and a bright AMOLED screen.","Tempo Nord's sports-focused smartwatch: built-in GPS, heart-rate and SpO₂ sensors, and a sapphire-hard AMOLED display you can read in sunlight. Runs on our privacy-first companion app for iOS and Android.

- Built-in GPS, heart-rate and SpO₂
- Up to 7 days battery (typical use)
- 5 ATM water resistance",true,"Display: 1.4"" AMOLED | Battery: Up to 7 days typical | Sensors: GPS, heart rate, SpO₂ | Water resistance: 5 ATM (50 m)",,,,"A GPS smartwatch with multi-day battery, health tracking and a bright AMOLED screen.",https://images.unsplash.com/photo-1579586337278-3befd40fd17a?q=85&fm=jpg&w=1800&fit=max | https://images.unsplash.com/photo-1579586337278-3befd40fd17a?q=85&fm=jpg&w=1400&h=1750&fit=crop&crop=focalpoint&fp-x=0.5&fp-y=0.5&fp-z=1.7,Colour: Black | Material: Aluminium,,Case size: 41 mm,VY-TN-G17-41-MM,,299.00,,164.45,15,,true,,60,,,,,true
pulse-active-gps,,,,,,,,,,,,,,,,,,,Case size: 45 mm,VY-TN-G17-45-MM,,299.00,,164.45,12,,true,,60,,,,,true
lune-diamond-pendant,Lune Diamond Pendant,ACTIVE,Orovia,necklaces,necklaces | jewellery,,gift | occasion,A crescent pendant in recycled 14k gold set with a line of brilliant-cut diamonds.,"A fine crescent traced with pavé diamonds on a delicate cable chain. Cast in recycled 14k gold and hallmarked, it sits just below the collarbone on an adjustable chain.

- Recycled 14k gold
- 0.12 ct total brilliant-cut diamonds
- Adjustable 40/42/45 cm chain",true,"Metal: Recycled 14k gold | Stones: 0.12 ct diamond, total | Chain: Adjustable 40–45 cm | Includes: Gift box and care card",Keep away from perfume and water. Clean with the supplied polishing cloth.,,,A crescent pendant in recycled 14k gold set with a line of brilliant-cut diamonds.,https://images.unsplash.com/photo-1601121141461-9d6647bca1ed?q=85&fm=jpg&w=1800&fit=max | https://images.unsplash.com/photo-1601121141461-9d6647bca1ed?q=85&fm=jpg&w=1400&h=1750&fit=crop&crop=focalpoint&fp-x=0.5&fp-y=0.5&fp-z=1.7,Colour: Gold | Material: Gold vermeil,,,VY-O-G18,,480.00,,264.00,10,,true,,40,,,,,true
seine-herringbone-necklace,Seine Herringbone Necklace,ACTIVE,Orovia,necklaces,necklaces | jewellery,,everyday | gift,A sleek herringbone chain in gold vermeil that lies flat and catches the light.,"A liquid-smooth herringbone chain in thick gold vermeil over recycled sterling silver. It lies perfectly flat against the skin and layers beautifully with a pendant.

- Gold vermeil over recycled sterling silver
- Flat herringbone weave
- Lobster clasp with extender",false,Metal: Gold vermeil on recycled silver | Length: 42 cm plus 5 cm extender | Width: 4 mm,Store flat to avoid kinks. Keep dry; polish with a soft cloth.,,,A sleek herringbone chain in gold vermeil that lies flat and catches the light.,https://images.unsplash.com/photo-1611107683227-e9060eccd846?q=85&fm=jpg&w=1800&fit=max | https://images.unsplash.com/photo-1611107683227-e9060eccd846?q=85&fm=jpg&w=1400&h=1750&fit=crop&crop=focalpoint&fp-x=0.5&fp-y=0.5&fp-z=1.7,Colour: Gold | Material: Gold vermeil,,,VY-O-G19,,165.00,129.00,70.95,10,,true,,35,,,,,true
celeste-pave-studs,Celeste Pavé Studs,ACTIVE,Orovia,earrings,earrings | jewellery,the-gift-edit,gift | occasion,"Round pavé studs in recycled white gold, bright enough for every day.","A cluster of brilliant-cut diamonds pavé-set into a low, secure dome of recycled white gold. Light enough to forget you're wearing them, with butterfly backs.

- Recycled 14k white gold
- 0.20 ct total brilliant-cut diamonds
- Secure butterfly backs",false,"Metal: Recycled 14k white gold | Stones: 0.20 ct diamond, total | Diameter: 6 mm | Includes: Gift box",Remove before swimming or showering. Clean with a polishing cloth.,,,"Round pavé studs in recycled white gold, bright enough for every day.",https://images.unsplash.com/photo-1651160670627-2896ddf7822f?q=85&fm=jpg&w=1800&fit=max | https://images.unsplash.com/photo-1651160670627-2896ddf7822f?q=85&fm=jpg&w=1400&h=1750&fit=crop&crop=focalpoint&fp-x=0.5&fp-y=0.5&fp-z=1.7,Colour: White | Material: White gold,,,VY-O-G20,,240.00,,132.00,10,,true,,15,,,,,true
margot-bangle-duo,Margot Bangle Duo,ACTIVE,Orovia,bracelets,bracelets | jewellery,,gift,"A pair of fine stacking bangles in gold vermeil — one plain, one twisted.","Designed to be worn together or apart: a smooth round bangle and a twisted rope bangle, both in gold vermeil over recycled silver. A hinged opening makes them easy to put on.

- Set of two bangles
- Gold vermeil over recycled sterling silver
- Hinged, click-clasp opening",false,Metal: Gold vermeil on recycled silver | Inner diameter: 6 cm | Set: Two bangles,Keep dry and away from perfume. Polish with a soft cloth.,,,"A pair of fine stacking bangles in gold vermeil — one plain, one twisted.",https://images.unsplash.com/photo-1603974372039-adc49044b6bd?q=85&fm=jpg&w=1800&fit=max | https://images.unsplash.com/photo-1603974372039-adc49044b6bd?q=85&fm=jpg&w=1400&h=1750&fit=crop&crop=focalpoint&fp-x=0.5&fp-y=0.5&fp-z=1.7,Colour: Gold | Material: Gold vermeil,,,VY-O-G21,,150.00,,82.50,10,,true,,45,,,,,true
etoile-solitaire-ring,Étoile Solitaire Ring,ACTIVE,Orovia,rings,rings | jewellery,,gift | occasion,A classic solitaire in recycled white gold with a brilliant-cut lab-grown diamond.,"A six-prong solitaire that lifts the stone to the light, set with a brilliant-cut lab-grown diamond on a fine recycled white-gold band. Hallmarked and ready to gift.

- Recycled 14k white gold band
- 0.50 ct lab-grown diamond (F/VS)
- Six-prong setting",false,"Metal: Recycled 14k white gold | Centre stone: 0.50 ct lab-grown diamond, F/VS | Band width: 1.8 mm | Includes: Certificate and gift box",Remove during manual work. Clean with warm soapy water and a soft brush.,,,A classic solitaire in recycled white gold with a brilliant-cut lab-grown diamond.,https://images.unsplash.com/photo-1605100804567-1ffe942b5cd6?q=85&fm=jpg&w=1800&fit=max | https://images.unsplash.com/photo-1605100804567-1ffe942b5cd6?q=85&fm=jpg&w=1400&h=1750&fit=crop&crop=focalpoint&fp-x=0.5&fp-y=0.5&fp-z=1.7,Colour: Silver | Material: White gold,,Ring size: 5,VY-O-G22-5,,650.00,,357.50,5,,true,,10,,,,,true
etoile-solitaire-ring,,,,,,,,,,,,,,,,,,,Ring size: 6,VY-O-G22-6,,650.00,,357.50,7,,true,,10,,,,,true
etoile-solitaire-ring,,,,,,,,,,,,,,,,,,,Ring size: 7,VY-O-G22-7,,650.00,,357.50,7,,true,,10,,,,,true
etoile-solitaire-ring,,,,,,,,,,,,,,,,,,,Ring size: 8,VY-O-G22-8,,650.00,,357.50,5,,true,,10,,,,,true